subject,question,gold_answer,model_answer
physics,"What are molecules, and how do scientists know about them despite lacking a powerful enough microscope to see them?","Molecules are tiny moving specks that make up everything in the world. Scientists know about them by devising elaborate and accurate experiments to test theories, such as observing how objects expand when heated because molecules move faster and farther apart.","Molecules are fundamental units of matter, and scientists infer their existence based on their chemical properties and behaviors, such as reaction patterns and physical constants."
physics,How does a thermometer work to indicate temperature changes?,"The mercury in the thermometer's bulb expands (swells) when it becomes warm. Because it is tightly enclosed by glass except for a small opening into a tube, the expanding mercury must move up into the tube, causing it to rise and show the temperature.","A thermometer works by expanding or contracting with temperature changes, causing a mercury or other fluid column to rise or fall, which is then read on a"
physics,Explain the molecular reason why heat causes objects to expand.,"When an object is heated, its molecules move faster and faster. As they move faster, they separate farther and farther apart from each other, which naturally causes the object to swell or expand.","Heat causes objects to expand because it increases the kinetic energy of the particles within the material, leading to an increase in the average distance between them and thus"
physics,What is the definition of heat according to the provided information?,Heat is the motion of the molecules.,"Heat is defined as energy in motion, specifically the energy carried by particles in a substance due to their temperature. (Note: This definition is based on the k"
physics,"Describe the process by which an object can cool down through expansion, even without an outside source of cold.","If a thing expands without being heated from an outside source, it actually gets cold because it has to push air or something else aside, and it uses up the energy of its own heat to do this.","An object can cool down through expansion by releasing internal heat energy as it expands, following the Legendre or Gay-Lussac's law in a"
physics,"What does the term ""cold"" signify in a physical sense?",Cold means the absence of heat.,"The term ""cold"" refers to a low temperature, typically below what is comfortable for humans, often causing discomfort or even harm."
physics,"Why are high mountain tops typically covered in snow year-round, even on hot summer days?","Air is a gas that expands when it rises to where there is less air pressure crowding down on it. As air rises high and expands, it gets very cold. Consequently, mountains that reach into this high, cold air are snow covered all year round.",High mountain tops are typically covered in snow year-round due to their elevation keeping temperatures below the freezing point.
physics,How does the molecular behavior of a substance change when it melts from a solid to a liquid?,"In a solid, molecules vibrate back and forth in a fixed path. As a substance is heated and melts, the molecules move faster and faster, begin to bump into each other, and go around every which way, causing the substance to lose its shape and become a liquid.","The molecular arrangement in a substance changes from a fixed, ordered structure in a solid to a disordered, random arrangement in a liquid, allowing for increased molecular movement"
physics,"What unique property does water possess when it freezes, and why is this property important for aquatic environments?","Water expands when it freezes. This is very lucky for us because it means ice weighs less than water and floats, preventing lakes, oceans, and rivers from freezing solid from the bottom up in winter.","Water expands when it freezes, which is important for aquatic environments as it allows for the formation of ice, preserving life by maintaining stable temperatures and"
physics,Explain why water pipes are prone to bursting in very cold winter weather.,"Water expands when it freezes. In very cold winter weather, water inside pipes can freeze, and its expansion can exert sufficient pressure to burst the pipes.","Water pipes can burst in very cold winter weather due to the expansion of water when it freezes, putting excessive pressure on the pipe walls."
physics,"What is evaporation, and what happens to the temperature of a liquid as it evaporates?","Evaporation is the process where some molecules from a liquid are shot off from the rest into the air, turning the liquid into invisible vapor and causing it to disappear. Since it takes heat to send these molecules flying off, the liquid that is left behind becomes colder.","Evaporation is the process by which a liquid turns into a gas at the liquid's surface, and the temperature of a liquid generally decreases as it"
physics,Why does a person feel cold after leaving a bathtub until they are dry?,"The water that evaporates from a person's body uses up a good deal of their body heat, causing them to feel cold until dry.","A person feels cold after leaving a bathtub because their body temperature drops as the heat from the water evaporates, leaving them exposed to the cooler"
physics,"Why is the ocean salty, even though rivers that flow into it contain very little salt?","As water from rains seeps through soil and rocks, it dissolves salt and continually carries some of it into rivers, which flow to the sea. The water in the ocean then evaporates and leaves the salt behind, accumulating over millions of years to make the ocean salty.",The ocean is salty because it has a high concentration of salt that is not completely diluted by the less saline water from rivers over long periods of
physics,Describe the molecular action that occurs when water boils and turns into steam.,"When water is made very hot, its molecules smash into each other and bound about madly. Suddenly, large numbers of them go shooting off from the rest like rifle bullets, flying out through the air as steam.","Water boils when its molecules gain enough energy to escape as steam, transforming from a liquid to a gas, at 100 degrees Cels"
physics,How much space does steam occupy compared to the water it originates from?,Steam takes a great deal more room than water does—many times as much room.,Steam is much less dense than liquid water and occupies about 1600 times the volume when in the same mass.
physics,Explain the principle behind how a steam engine works.,"A steam engine works because steam takes so much more room than the water from which it is made. A fire is built under a boiler to boil water and produce steam, which is then shut in. The expanding steam pushes a piston, which is attached to machinery, causing movement.","A steam engine converts thermal energy into mechanical work by heating water in a boiler to produce steam, which then expands and pushes a piston connected"
physics,"If water is already boiling vigorously on a hot stove, what effect does turning up the heat further have on its temperature and the rate of steam production?","Once water is boiling, turning up the gas further will not make the water appreciably hotter; it cannot raise the water's temperature beyond its boiling point. However, a very hot fire will make the water boil away more rapidly and produce more steam.",Turning up the heat further increases the temperature of the boiling water and enhances the rate of steam production.
physics,"What is distillation, and how is it used to separate substances?","Distillation is a process where liquids mixed together are separated by boiling them and collecting their vapor. It works because different substances boil at different temperatures, allowing them to be vaporized and condensed separately.","Distillation is a process that involves heating a liquid mixture to produce separate components, each with different boiling points, which are then condensed and collected as"
physics,How does reduced air pressure affect the boiling point of water?,Water will boil at a lower temperature when there is less air pressure on its surface.,"At lower air pressures, the boiling point of water decreases."
physics,What is conduction as a method of heat transfer?,"Conduction is a method of heat transfer where the molecules near a heat source move more quickly, jostling their neighbors and making them move faster, and so on, down the line through a material.","Conduction is the direct transfer of heat energy from one particle to another within a solid, liquid, or gas, without the movement of the particles themselves."
physics,Provide two examples of good conductors of heat and two examples of poor conductors (insulators) from the text.,Good conductors of heat include iron and silver. Poor conductors (insulators) of heat include glass and wood.,Two good conductors of heat from the text are copper and aluminum wires in an electrical circuit. Two poor conductors (insulators) are rubber
physics,How does a blanket keep a person warm or prevent ice from melting?,"A blanket keeps a person warm by holding heat in, preventing it from escaping. It keeps ice from melting by shutting heat out, preventing it from reaching the ice. This is largely due to trapped air, a poor conductor of heat.","A blanket insulates a person or an object, preventing the loss of heat and keeping them warm, or traps air pockets that slow down the melting process"
physics,"What is convection, and how does it contribute to heating a room with a stove?","Convection is a method of heat transfer where air currents carry heat from one place to another. In a room with a stove, the air next to the stove becomes hot, rises, and is pushed up and away by cold air, carrying its heat with it to other parts of the room.","Convection is the transfer of heat through the movement of heated fluids (in this case, air), and it contributes to heating a room with a"
physics,Explain the primary difference in how heat reaches the Earth from the Sun compared to how heat travels along a metal rod.,"Heat reaches the Earth from the Sun by radiation, traveling through empty space with lightning-like quickness. Heat travels along a metal rod by conduction, which involves molecules jostling their neighbors.","The primary difference is that heat from the Sun reaches Earth through electromagnetic radiation, while heat along a metal rod travels through conduction as the transfer of thermal"
physics,What is the proposed medium through which radiant heat and light waves travel through space?,"The proposed medium is an invisible, rigid stuff called ""ether,"" which is supposed to fill all space. The fast-moving particles of a source joggle the ether, creating ripples (ether waves) that spread swiftly.",Radiant heat and light waves travel through space in the form of electromagnetic waves.
physics,How are light and radiant heat related in terms of ether waves?,Radiant heat and light are closely related; light is only the special kind of ether waves that affect our eyes. The only difference is that the ripples in light are shorter than those of radiant heat.,"Light and radiant heat are different forms of electromagnetic waves in the electromagnetic spectrum, with light having a higher frequency and being perceived as visible,"
physics,"What makes an object ""incandescent,"" and how does this relate to an electric lamp?","An object becomes incandescent when it gets hot enough to glow, meaning its molecules move fast enough to make ether ripples short enough to be light. In an electric lamp, the fine wires (filament) get so hot that they glow or become incandescent, throwing off light and radiant heat.","An object is incandescent when it glows by heating up and emitting light due to the incandescence of a material, such as a"
physics,How does a thermos bottle minimize heat transfer through both conduction and radiation?,"A thermos bottle has two layers of glass with a vacuum between them to prevent conducted heat transfer. To prevent radiant heat transfer, the glass is silvered, making a mirror that reflects practically all radiant heat back to where it came from.",A thermos bottle minimizes heat transfer through both conduction and radiation by using a double-walled vacuum insulation design that prevents direct contact between the hot
physics,Why should telegraph wires and wire fences not be strung too tightly when put up in the summer?,"Telegraph wires and wire fences should not be strung too tightly in summer because materials expand when heated. As the weather becomes colder, the wires will contract. If strung too tightly, the contraction could cause them to snap or become overly stressed.",Telegraph wires and wire fences should not be strung too tightly in the summer to prevent them from contracting and breaking when temperatures drop in the winter
physics,Why is it advised not to fill a teakettle brim full of cold water before putting it on the stove?,"Water expands when it is heated. If a teakettle is filled brim full of cold water, the expanding water will overflow as it heats up on the stove.",It's advised not to fill a teakettle brim full of cold water before putting it on the stove to prevent water from spilling over when
biology,"What is osmosis, and how does it relate to a plant's absorption of soil water?","Osmosis is the process by which two gases or fluids, separated by a membrane, tend to pass through the membrane and mingle with each other, with the greater flow always being in the direction of the denser medium. Root hairs absorb soil water through this process because the fluid inside the root hair (cell sap) is denser than the soil water.","Osmosis is the passive movement of water molecules from an area of high water potential to an area of low water potential, which helps a plant absorb soil"
biology,Describe the primary function of a root for a young seed plant.,"The primary function of a root for a young seed plant is to act as a holdfast or an anchor, fastening the plant in the place where it is to develop.",A root's primary function for a young seed plant is to absorb water and nutrients from the soil for growth.
biology,"What are root hairs, and how are they structurally adapted for water and mineral absorption?","Root hairs are tiny, fuzzy outgrowths of the outer layer (epidermis) of the root. They are living plant cells with a flexible, thin wall made of cellulose, through which fluids can easily pass, allowing water and mineral substances from the soil to enter the root's interior.","Root hairs are thin extensions of epidermal cells on plant roots, structurally adapted with a large surface area for increased absorption of water and minerals"
biology,"Besides anchoring, what other functions do roots perform for a plant?","Other functions of roots include taking in water with dissolved mineral and organic matter, storing food, and sometimes climbing.","Roots perform functions such as absorbing water and nutrients from the soil, providing support to the plant stem, and storing food reserves."
biology,What determines the direction of growth for plant roots?,The direction of growth for plant roots is influenced by both the force of gravity (causing downward growth) and the presence of water (roots grow towards moisture).,Plant roots grow towards water and nutrients in the soil.
biology,How does the fine structure of a root protect its actively growing tip?,"Over the lower end of the root, a collection of mostly dead, loosely arranged cells forms a root cap, which evidently protects the young and actively growing cells located just underneath it.","The fine structure of a root, including its cellular organization and the casparian strip, provides physical and chemical barriers that protect its actively growing tip from external"
biology,Explain the structure and function of stomata in a leaf.,"Stomata are tiny oval openings found on the surface of a leaf, usually the underside. They are bordered by two kidney-shaped guard cells, which change shape to make the opening larger or smaller. Stomata allow for the passage of gases and water vapor between the leaf's interior and the outside air.","Stomata are microscopic pores on the surface of leaves, consisting of two guard cells that regulate gas exchange through opening (stomatal conduct"
biology,"What is transpiration, and what environmental factors affect its rate?","Transpiration is the process by which water is given off from leaves as vapor through evaporation. The amount of water lost varies greatly depending on the humidity of the air, the air temperature, and the temperature of the plant itself.","Transpiration is the process by which water is absorbed by a plant and released as vapor through its leaves, with temperature, humidity, wind speed,"
biology,"Describe the overall process of starch making in green leaves, including the raw materials, energy source, and by-product.","The process of starch making, called photosynthesis, occurs in the chloroplasts of green cells within the leaf. The sun provides the necessary energy, and the raw materials are soil water (transported from roots via veins) and carbon dioxide (taken in through stomata). Starch is the manufactured product, and oxygen is released as a by-product.","In green leaves, the overall process of starch making involves the conversion of carbon dioxide and water, using energy from sunlight, into simple sugars through"
biology,"What is humus, and why is its presence important in soil?","Humus is the portion of soil that consists of dead plant and animal matter, giving dark soil its richness. Soil containing organic materials like humus holds water much more readily than inorganic soil.","Humus is a dark, rich, organic material formed from the decomposition of plant and animal matter, and it's important in soil because it improves structure"
biology,How do soil particles relate to the absorption of water by root hairs?,"Soil particles are surrounded by a delicate film of water. Root hairs absorb this water, often appearing to have soil particles cemented to their sticky surface, as they absorb dissolved mineral substances.",Soil particles provide a medium for root hairs to penetrate and absorb water through the process of capillary action.
biology,"Why is nitrogen necessary for plants, and how do they primarily obtain it?","Nitrogen is a chemical element needed by plants to make protoplasm. Plants typically obtain nitrogen from the organic matter in the soil, where it exists as nitrates, which are formed from ammonia and other organic compounds by soil bacteria.","Nitrogen is essential for plants as it is a key component of amino acids and nucleotides, and they primarily obtain it through a process called"
biology,"What specialized role do certain bacteria play in the nitrogen cycle for plants, particularly legumes?","Millions of nitrogen-fixing bacteria live in little swellings or nodules on the roots of legumes (like clover, peas, and beans). These bacteria take free nitrogen from the atmosphere and convert it into a usable form, specifically nitrates, for the plant.","Certain bacteria, such as Rhizobia, form mutualistic relationships with legume roots, converting atmospheric nitrogen into ammonia through a"
biology,"Explain the concept of ""rotation of crops"" and its benefit to agricultural land.","Rotation of crops involves planting different crops in a given field in different years. For example, legumes (which host nitrogen-fixing bacteria) might be planted, plowed in, and then followed by a second crop like corn. This practice helps to replenish elements like nitrogen in the soil, preventing exhaustion of raw food materials.","Rotation of crops refers to the practice of growing different types of crops in a specific sequence on the same land to maintain soil health and productivity, prevent pest"
biology,What evidence supports the idea that green plants give off oxygen?,"When a green water plant is placed in a sunny environment under a bell jar with a test tube inverted over it, bubbles of gas are seen to rise from the plant. This gas can be collected and tested, proving it to be oxygen, which is released as a by-product of starch-making.",Green plants produce oxygen as a byproduct of photosynthesis.
biology,How is water transported from the root hairs to the central cylinder of the root?,"After root hairs absorb water by osmosis, their cell sap becomes less dense. They then pass their water supply to adjacent cells closer to the root's center. This transfer continues from cell to cell, with each cell becoming less dense than its inner neighbors, until the water reaches the central cylinder.","Water is transported from root hairs to the central cylinder of the root through a process called transpiration pull, where water moves up the root through"
biology,What gives mechanical support to the tubelike structures found within the central cylinder of a root?,"Other cells within the root body develop greatly thickened walls, and these provide mechanical support to the tubelike cells within the central cylinder.","The mechanical support for the tubelike structures within the central cylinder of a root is provided by the secondary xylem, which is composed of rigid cell"
biology,Identify the three distinct regions visible in a cross-section of a young woody stem.,"A cross-section of a young woody stem reveals three distinct regions: the spongy pith in the center, the tough wood surrounding the pith, and the outermost bark.","A young woody stem's cross-section reveals three distinct regions: the outer bark, the inner phloem for transport and storage of food, and"
biology,What is the function of sieve tubes in a woody stem?,"Sieve tubes are long rows of living cells with perforated, sievelike ends located in the inner bark. Their function is to transport manufactured food materials downward from the upper parts of the plant.","Sieve tubes in a woody stem transport sap, including nutrients and water, from the source to the growing parts of the plant."
biology,"What is the cambium layer, and what is its role in stem growth?","The cambium layer is an actively dividing layer of cells in a woody stem. This layer forms new wood cells from its inner surface and new bark cells from its outer surface, contributing to the stem's growth in girth.","The cambium layer is a thin, active tissue located between the phloem and xylem in the stem and roots, responsible for producing new cells that"
biology,How do plants make fats?,"Fats are believed to be manufactured inside the chlorophyll bodies in the leaf, probably through a transformation of the starch that has already been produced.",Plants synthesize fats primarily in the chloroplasts and peroxisomes through the process of fatty acid synthesis using energy from
biology,"Where in the plant are proteins manufactured, and what raw materials are used?","Proteins can apparently be manufactured in any of the cells of green plants. They use mineral elements brought up in soil water (such as calcium, sulphur, iron, potassium, magnesium, phosphorus, sodium, and chlorine), carbon, hydrogen, and oxygen from starch or grape sugar, and nitrogen taken up by the roots as nitrates.","Proteins are manufactured in the ribosomes, which are found in the cytoplasm and use amino acids as raw materials."
biology,How do plants demonstrate their ability to exert energy?,Plants exert energy by processes such as their roots boring through hard soil or the stems and roots of trees splitting open hard rocks as they grow.,Plants convert sunlight into chemical energy through the process of photosynthesis.
biology,What is the primary cause of inorganic soil formation?,"Inorganic soil is formed by the process of weathering, where ice and frost, alternating with heat, chip off pieces of rock. These pieces are then ground into fragments by the action of ice, glaciers, running water, or the atmosphere, aided by oxidation.","The primary cause of inorganic soil formation is the weathering and decomposition of rocks, producing minerals and minerals-rich materials."
biology,What is the physiological importance of osmosis for both plants and animals?,"Osmosis is crucial for plants, enabling root hairs to absorb water. For animals, it's vital for nutrient absorption, as digested foods are changed into a soluble form and pass through the walls of the food tube into the blood, largely through osmosis.","Osmosis is essential for maintaining water balance and nutrient uptake in plants, and for regulating body fluids and nutrient absorption in animals."
biology,"What is a ""fibrovascular bundle"" in a root?",A fibrovascular bundle in a root is a collection of tubelike structures (cells grown together to form hollow tubes) and supporting woody cells (with greatly thickened walls that provide mechanical support).,"A fibrovascular bundle in a root is a structure that contains vascular tissue and supporting fibers, supplying nutrients and water to the root."
biology,How does light influence the arrangement of leaves on a plant?,"Green leaves typically turn towards the light, arranging themselves to maximize sunlight reception. Examples include leaf mosaics where leaves fit in between one another, or rosettes/whorled clusters where leaves are disposed to get much sunlight, often with older leaves having longer petioles.",Light influences the arrangement of leaves on a plant by promoting the growth of shoots towards it and causing the development of leaves in a pattern that maximizes their exposure
biology,"What is the significance of the ""central cylinder"" in a root?","The central cylinder in a root contains tubelike structures (fibrovascular bundles) that are continuous with those in the stem. Water, after being absorbed by root hairs and transferred through surrounding cells, eventually reaches this central cylinder to be passed up the stem.","The central cylinder in a root is significant because it contains the vascular tissue, which transports water and nutrients from the root to the shoot."
biology,"What elements are found in protoplasm, and how do plants acquire them for protein synthesis?","Protoplasm contains carbon, hydrogen, oxygen, nitrogen, and minute proportions of calcium, sulphur, iron, potassium, magnesium, phosphorus, sodium, and chlorine. Plants obtain carbon, hydrogen, and oxygen from starch/grape sugar, nitrogen as nitrates from soil, and the other mineral elements from soil water.","Protoplasm is the living cytoplasm of a cell, containing elements such as water, proteins, nucleic acids, and various"
biology,How does a plant's respiration differ in light versus darkness concerning oxygen exchange?,"A plant takes in oxygen for respiration (releasing energy from food oxidation) in both light and darkness. However, in the light, the amount of oxygen given off as a by-product of starch-making is much greater than the amount of oxygen used by the plant for respiration.","In light, a plant performs both photosynthesis and respiration, producing oxygen through photosynthesis and consuming it during respiration, while in"
economics,What fundamental relationship between wants and goods is presented as uniting the thoughts of preceding chapters?,"As wants differ in kind and degree, so goods differ in their power to gratify wants.",The preceding chapters have established that wants and goods are related in that goods are used to satisfy wants.
economics,"What is meant by ""immediately enjoyable goods,"" and why are they considered the starting point for explaining value?","Immediately enjoyable goods are things that are gratifying wants at this moment or are ready for use and will be used up in a very short time. They are considered nearest to the source of explanation because their power to gratify wants, which alone causes value, is direct and ripe.","Immediately enjoyable goods are consumer items that provide pleasure or satisfaction upon first use, and they are considered the starting point for explaining value because they directly fulfill basic"
economics,State the law of diminishing utility.,"As the amount of any good increases, after a certain point the gratification that the added portions afford decreases.","The law of diminishing utility states that as we consume more and more of a good, the additional satisfaction or utility derived from each additional unit decreases."
economics,"Explain the concept of ""negative gratification"" in relation to consuming a good.","After the sum of pleasurable sensations from a good reaches satisfaction or fullness, continued consumption can lead to ""negative gratification,"" where each added portion reduces the welfare of the user and can make the total gratification a negative quantity.",Negative gratification in consumption of a good refers to deriving pleasure or satisfaction from the absence or elimination of something unwanted.
economics,Define marginal utility.,Marginal utility is the gratification afforded by the added portion of the good.,Marginal utility is the additional satisfaction or value obtained from consuming one additional unit of a good or service.
economics,How does the text explain the relationship between marginal utility and the total measure of importance (value) of a supply?,"The product of the marginal utility by the number of units gives the total measure of importance of the supply, as the marginal unit of a homogeneous supply is considered to have the same utility as any other unit at that moment.","The text explains that marginal utility represents the additional value derived from an extra unit of a good, while total utility represents the overall value of all units consumed, and"
economics,What is a critical misunderstanding to avoid when interpreting a diagram showing a utility curve with multiple marginal utility points?,"It is critical to understand that the diagram represents only one marginal utility at any given moment for a given number of units, and this marginal utility is the same for every unit of like goods. The other perpendicular lines on the curve are conditional, representing what marginal utility would be if the number of units were different.",A critical misunderstanding to avoid when interpreting a diagram showing a utility curve with multiple marginal utility points is assuming that each point represents the total utility for a
economics,"Why does utility not remain unchanging in goods as something ""intrinsic""?","Utility does not rest unchanging in goods as something ""intrinsic"" because it depends on the relation of goods to men; if wants change, the utility changes, as the man enjoying the good has been changed by what he has enjoyed.",Utility does not remain unchanging in goods because it is subjective and depends on the individual's preferences and circumstances.
economics,"What is the ""problem of economy"" in relation to shifting choice?","The problem of ""economy"" arises from the necessity for man to constantly shift his choice of goods because waste results when goods continue to be used to secure a lower degree of gratification if they might be used to secure a higher.","The ""problem of economy"" in relation to shifting choice refers to the challenge of efficiently allocating scarce resources among unlimited wants or needs."
economics,"What is the distinction between ""desire"" and ""demand"" for goods?","Demand is desire for goods united with the power to give something in exchange, meaning it must be for something attainable. Desire alone, such as yearning for something beyond reach, does not constitute effective demand.","Desire refers to a want or longing for a good or service, while demand represents the collective expression of consumers' willingness and ability to buy a good"
economics,What is the law of individual demand for a trader?,The law of individual demand is that the trader will reduce his stock of a particular good to the point where its marginal utility equals that of the alternative goods.,"The law of individual demand states that as the price of a good or service increases, the quantity demanded by a single consumer will generally decrease, holding all other factors"
economics,What is expressed graphically by a demand curve?,"A demand curve expresses graphically what a man would be willing to pay at each particular stage in the increase of goods, showing the decline of the marginal utility of each added portion of a good.",A demand curve graphically represents the relationship between the quantity of a good or service consumers are willing and able to buy at various prices.
economics,Define elasticity of demand.,Elasticity of demand expresses the degree to which a change in a good's ratio to other goods will increase the demand.,"Elasticity of demand is a measure of the responsiveness, or elasticity, of the quantity demanded of a good or service to a change in its"
economics,What is the primary advantage of exchange in the usual economic sense?,The advantage of exchange consists in the raising of the want-gratifying power of goods to both parties involved in a voluntary exchange.,"The primary advantage of exchange in the usual economic sense is that it allows individuals to obtain goods and services they produce in insufficient quantities or cannot produce at all,"
economics,"How does the text explain the relationship between ""demand"" and ""supply"" in the context of barter?","In barter, demand is supply and supply is demand when the point of view is shifted from one party to another, meaning one party's demand for a good is expressed as the supply of another good they offer.","In barter systems, demand is represented by what goods or services people are willing to trade for other goods or services, while supply is what goods or services are"
economics,How is the price or ratio of exchange determined in isolated exchange between only two traders?,"In isolated exchange, the estimates of the two traders give, respectively, the upper and lower figures of the ratio at which the trade can take place, with much depending on the ""higgling of the market.""","The price or ratio in an isolated exchange between two traders is determined by the point where their subjective valuations of goods or services intersect, reflecting their"
economics,How does one-sided competition influence the definiteness of price compared to isolated exchange?,"One-sided competition fixes price with greater definiteness than in isolated exchange, as bidders are impelled by self-interest to outbid competitors, narrowly fixing the limits within which the market price must fall.","In one-sided competition, the seller has more market power and can set prices less definitively compared to isolated exchange where both buyers and sellers have equal"
economics,"What is the ""margin of advantage"" in an exchange?","The ""margin of advantage"" is the difference between the market value and the ratio of exchange at which any given individual would continue to exchange for the good.",The margin of advantage in an exchange refers to the difference between the price at which a trader can buy an asset (bid price) and the price at which
economics,"Who are the ""marginal pair"" in two-sided competition?","The ""marginal pair"" are the least eager buyer and the least eager seller, who have the narrowest possible motive to exchange and whose outside estimates are nearest to the market ratio.","In two-sided competition, the marginal pairs refer to the pair of customers and firms whose entry or exit significantly impacts the equilibrium price and quantity on both sides"
economics,"Define a ""market"" and ""price.""",A market is a body of buyers and sellers in such close business relations that the actual price conforms closely to the valuation of the marginal pair. Price is value expressed in terms of some commonly exchanged commodity.,"A market is a place, real or virtual, where buyers and sellers exchange goods or services, while a price is the amount of money paid for a good"
economics,How have markets generally widened over time?,"Markets have widened steadily through the improvement of means of communication and transportation, enabling goods to be gathered from distant points and information to be widely diffused.","Markets have generally widened over time due to increased globalization, technological advancements, and the growth of financial instruments and derivatives."
economics,"What is the difference between ""normal price"" and ""market price""?","Normal price is the price which, apart from exceptional conditions, is expected to prevail and to which actual prices constantly strive to adjust themselves. Market price is the actual price resulting from existing circumstances, which may be exceptional and thus deviate from the normal price.","A normal price is the price that covers all costs and generates a normal profit for a business, while market price is the price at which buyers and sellers agree"
economics,How do economic wants persist despite being satisfied?,"Economic wants persist and appear in regularly recurring series because satisfaction and gratification are only temporary conditions, impressions are short-lived, and wants recur for the same reasons they first arose.",Economic wants persist despite being satisfied due to human nature and the inherent desire for continuous improvement and acquisition.
economics,"What is ""objective income,"" and how does ""social"" objective income sometimes differ from ""individual"" objective income?","Objective income consists of the additional sums of goods acquired by individuals or by society during the income period. Society, as a whole, acquires income only when goods are produced, whereas individuals may acquire income by gift, bequest, theft, or other transfers from other individuals.","Objective income refers to income that is measurable and verifiable, while social objective income includes not only individual earnings but also income derived from social sources like public"
economics,"Explain the distinction between ""gross income"" and ""net income.""","Gross income refers to total receipts or the total of goods secured, while net income is the remainder after deducting expenditures and replacing the goods employed to secure the income, representing a net addition.","Gross income refers to total earnings before deductions, while net income is the remaining amount after taxes and other deductions have been subtracted."
economics,"What is the fundamental difference between ""funded income"" and ""unfunded income""?","Funded income arises from the possession of wealth or claims on wealth, corresponding to an abiding fund of wealth, while unfunded income arises from current labor and has no permanent fund of accumulated wealth corresponding to it.","Funded income is revenue that is received and can be relied upon to cover specific expenses due to a prior commitment or contract, while unfunded income is"
economics,"What is ""psychic income,"" and what is the ultimate aim of all economic activity in this context?",Psychic income consists of the pleasurable psychic impressions which consumption goods aid to produce. The attainment of pleasurable conditions in mind or soul is the aim of all economic activity.,"Psychic income refers to the intangible benefits or satisfaction derived from consuming goods or services, while the ultimate aim of all economic activity in this context is"
economics,"How does modern economic thought mentioned in the text define ""productive labor""?","Modern economic thought defines productive labor as all labor that contributes to value, regardless of whether its results are embodied in an abiding material form.","Modern economic thought defines productive labor as work that creates new goods or services, adding value to resources and contributing to the production of goods and services for the market."
economics,Why do things that cannot directly satisfy wants still have value to man?,"Things that cannot directly satisfy wants still have value to man if they are in some causal relation to gratifications and this relation is known and felt, often by being connected in thought by chains of association with future pleasures or uses.","Things that cannot directly satisfy wants have value to man because they may have symbolic, emotional, or utility value that contributes to overall well-being and happiness"
economics,"What is the ""technical rank of goods,"" also known as the ""degree of roundaboutness of the process""?",The technical rank of goods signifies the number of steps or processes that intervene between the agent used and the desired form of gratification.,"The technical rank of goods, or degree of roundaboutness, refers to the number of stages of production a good goes through before it reaches the consumer. A"
